path,label
./data/ILSVRC12/selected/n01817953/n01817953_10031.jpg,n01817953
./data/ILSVRC12/selected/n01817953/n01817953_10211.jpg,n01817953
./data/ILSVRC12/selected/n01817953/n01817953_10285.jpg,n01817953
./data/ILSVRC12/selected/n01817953/n01817953_10847.jpg,n01817953
./data/ILSVRC12/selected/n01817953/n01817953_10907.jpg,n01817953
./data/ILSVRC12/selected/n01817953/n01817953_11083.jpg,n01817953
./data/ILSVRC12/selected/n01817953/n01817953_11365.png,n01817953
./data/ILSVRC12/selected/n01817953/n01817953_11495.jpg,n01817953
./data/ILSVRC12/selected/n01817953/n01817953_11573.jpg,n01817953
./data/ILSVRC12/selected/n01817953/n01817953_1165.jpg,n01817953
./data/ILSVRC12/selected/n01817953/n01817953_1242.jpg,n01817953
./data/ILSVRC12/selected/n01817953/n01817953_1291.jpg,n01817953
./data/ILSVRC12/selected/n01817953/n01817953_13033.jpg,n01817953
./data/ILSVRC12/selected/n01817953/n01817953_13771.png,n01817953
./data/ILSVRC12/selected/n01817953/n01817953_1416.jpg,n01817953
./data/ILSVRC12/selected/n01817953/n01817953_1511.jpg,n01817953
./data/ILSVRC12/selected/n01817953/n01817953_1545.png,n01817953
./data/ILSVRC12/selected/n01817953/n01817953_154.jpg,n01817953
./data/ILSVRC12/selected/n01817953/n01817953_1673.jpg,n01817953
./data/ILSVRC12/selected/n01817953/n01817953_17.jpg,n01817953
./data/ILSVRC12/selected/n01817953/n01817953_1823.jpg,n01817953
./data/ILSVRC12/selected/n01817953/n01817953_1892.jpg,n01817953
./data/ILSVRC12/selected/n01817953/n01817953_1962.jpg,n01817953
./data/ILSVRC12/selected/n01817953/n01817953_1.jpg,n01817953
./data/ILSVRC12/selected/n01817953/n01817953_208.jpg,n01817953
./data/ILSVRC12/selected/n01817953/n01817953_2111.png,n01817953
./data/ILSVRC12/selected/n01817953/n01817953_2155.jpg,n01817953
./data/ILSVRC12/selected/n01817953/n01817953_2172.jpg,n01817953
./data/ILSVRC12/selected/n01817953/n01817953_2180.jpg,n01817953
./data/ILSVRC12/selected/n01817953/n01817953_2517.jpg,n01817953
./data/ILSVRC12/selected/n01817953/n01817953_2635.jpg,n01817953
./data/ILSVRC12/selected/n01817953/n01817953_2786.jpg,n01817953
./data/ILSVRC12/selected/n01817953/n01817953_2805.jpg,n01817953
./data/ILSVRC12/selected/n01817953/n01817953_292.jpg,n01817953
./data/ILSVRC12/selected/n01817953/n01817953_3048.jpg,n01817953
./data/ILSVRC12/selected/n01817953/n01817953_3095.jpg,n01817953
./data/ILSVRC12/selected/n01817953/n01817953_318.jpg,n01817953
./data/ILSVRC12/selected/n01817953/n01817953_3254.jpg,n01817953
./data/ILSVRC12/selected/n01817953/n01817953_3427.jpg,n01817953
./data/ILSVRC12/selected/n01817953/n01817953_3457.gif,n01817953
./data/ILSVRC12/selected/n01817953/n01817953_355.jpg,n01817953
./data/ILSVRC12/selected/n01817953/n01817953_3602.jpg,n01817953
./data/ILSVRC12/selected/n01817953/n01817953_3831.jpg,n01817953
./data/ILSVRC12/selected/n01817953/n01817953_386.jpg,n01817953
./data/ILSVRC12/selected/n01817953/n01817953_3911.jpg,n01817953
./data/ILSVRC12/selected/n01817953/n01817953_399.png,n01817953
./data/ILSVRC12/selected/n01817953/n01817953_413.jpg,n01817953
./data/ILSVRC12/selected/n01817953/n01817953_4221.png,n01817953
./data/ILSVRC12/selected/n01817953/n01817953_4239.jpg,n01817953
./data/ILSVRC12/selected/n01817953/n01817953_4270.jpg,n01817953
./data/ILSVRC12/selected/n01817953/n01817953_4273.jpg,n01817953
./data/ILSVRC12/selected/n01817953/n01817953_4419.jpg,n01817953
./data/ILSVRC12/selected/n01817953/n01817953_4425.jpg,n01817953
./data/ILSVRC12/selected/n01817953/n01817953_4684.jpg,n01817953
./data/ILSVRC12/selected/n01817953/n01817953_4764.jpg,n01817953
./data/ILSVRC12/selected/n01817953/n01817953_4894.jpg,n01817953
./data/ILSVRC12/selected/n01817953/n01817953_4982.jpg,n01817953
./data/ILSVRC12/selected/n01817953/n01817953_5663.jpg,n01817953
./data/ILSVRC12/selected/n01817953/n01817953_5737.jpg,n01817953
./data/ILSVRC12/selected/n01817953/n01817953_5888.jpg,n01817953
./data/ILSVRC12/selected/n01817953/n01817953_5899.jpg,n01817953
./data/ILSVRC12/selected/n01817953/n01817953_5998.jpg,n01817953
./data/ILSVRC12/selected/n01817953/n01817953_6018.jpg,n01817953
./data/ILSVRC12/selected/n01817953/n01817953_6189.jpg,n01817953
./data/ILSVRC12/selected/n01817953/n01817953_6409.jpg,n01817953
./data/ILSVRC12/selected/n01817953/n01817953_654.jpg,n01817953
./data/ILSVRC12/selected/n01817953/n01817953_6649.png,n01817953
./data/ILSVRC12/selected/n01817953/n01817953_6663.jpg,n01817953
./data/ILSVRC12/selected/n01817953/n01817953_6912.png,n01817953
./data/ILSVRC12/selected/n01817953/n01817953_699.jpg,n01817953
./data/ILSVRC12/selected/n01817953/n01817953_7019.jpg,n01817953
./data/ILSVRC12/selected/n01817953/n01817953_737.jpg,n01817953
./data/ILSVRC12/selected/n01817953/n01817953_7385.jpg,n01817953
./data/ILSVRC12/selected/n01817953/n01817953_7955.jpg,n01817953
./data/ILSVRC12/selected/n01817953/n01817953_8106.jpg,n01817953
./data/ILSVRC12/selected/n01817953/n01817953_8131.png,n01817953
./data/ILSVRC12/selected/n01817953/n01817953_8556.jpg,n01817953
./data/ILSVRC12/selected/n01817953/n01817953_8562.jpg,n01817953
./data/ILSVRC12/selected/n01817953/n01817953_8645.jpg,n01817953
./data/ILSVRC12/selected/n01817953/n01817953_8650.jpg,n01817953
./data/ILSVRC12/selected/n01817953/n01817953_8652.jpg,n01817953
./data/ILSVRC12/selected/n01817953/n01817953_8760.jpg,n01817953
./data/ILSVRC12/selected/n01817953/n01817953_8846.jpg,n01817953
./data/ILSVRC12/selected/n01817953/n01817953_8936.jpg,n01817953
./data/ILSVRC12/selected/n01817953/n01817953_9045.jpg,n01817953
./data/ILSVRC12/selected/n01817953/n01817953_9080.jpg,n01817953
./data/ILSVRC12/selected/n01817953/n01817953_916.jpg,n01817953
./data/ILSVRC12/selected/n01817953/n01817953_9175.jpg,n01817953
./data/ILSVRC12/selected/n01817953/n01817953_9189.jpg,n01817953
./data/ILSVRC12/selected/n01817953/n01817953_9295.jpg,n01817953
./data/ILSVRC12/selected/n01817953/n01817953_9309.jpg,n01817953
./data/ILSVRC12/selected/n01817953/n01817953_9352.jpg,n01817953
./data/ILSVRC12/selected/n01817953/n01817953_9364.jpg,n01817953
./data/ILSVRC12/selected/n01817953/n01817953_964.jpg,n01817953
./data/ILSVRC12/selected/n01817953/n01817953_96.jpg,n01817953
./data/ILSVRC12/selected/n01817953/n01817953_9730.jpg,n01817953
./data/ILSVRC12/selected/n01817953/n01817953_98.jpg,n01817953
./data/ILSVRC12/selected/n01871265/n01871265_1105.jpg,n01871265
./data/ILSVRC12/selected/n01871265/n01871265_1115.jpg,n01871265
./data/ILSVRC12/selected/n01871265/n01871265_1202.jpg,n01871265
./data/ILSVRC12/selected/n01871265/n01871265_123.jpg,n01871265
./data/ILSVRC12/selected/n01871265/n01871265_1286.jpg,n01871265
./data/ILSVRC12/selected/n01871265/n01871265_1560.jpg,n01871265
./data/ILSVRC12/selected/n01871265/n01871265_1661.jpg,n01871265
./data/ILSVRC12/selected/n01871265/n01871265_1693.jpg,n01871265
./data/ILSVRC12/selected/n01871265/n01871265_1727.jpg,n01871265
./data/ILSVRC12/selected/n01871265/n01871265_1797.jpg,n01871265
./data/ILSVRC12/selected/n01871265/n01871265_1857.jpg,n01871265
./data/ILSVRC12/selected/n01871265/n01871265_202.jpg,n01871265
./data/ILSVRC12/selected/n01871265/n01871265_2142.jpg,n01871265
./data/ILSVRC12/selected/n01871265/n01871265_2264.jpg,n01871265
./data/ILSVRC12/selected/n01871265/n01871265_2349.jpg,n01871265
./data/ILSVRC12/selected/n01871265/n01871265_2636.jpg,n01871265
./data/ILSVRC12/selected/n01871265/n01871265_2652.jpg,n01871265
./data/ILSVRC12/selected/n01871265/n01871265_270.jpg,n01871265
./data/ILSVRC12/selected/n01871265/n01871265_2919.jpg,n01871265
./data/ILSVRC12/selected/n01871265/n01871265_2962.jpg,n01871265
./data/ILSVRC12/selected/n01871265/n01871265_3154.jpg,n01871265
./data/ILSVRC12/selected/n01871265/n01871265_3182.jpg,n01871265
./data/ILSVRC12/selected/n01871265/n01871265_3191.jpg,n01871265
./data/ILSVRC12/selected/n01871265/n01871265_3345.jpg,n01871265
./data/ILSVRC12/selected/n01871265/n01871265_3346.jpg,n01871265
./data/ILSVRC12/selected/n01871265/n01871265_346.jpg,n01871265
./data/ILSVRC12/selected/n01871265/n01871265_3560.jpg,n01871265
./data/ILSVRC12/selected/n01871265/n01871265_3707.jpg,n01871265
./data/ILSVRC12/selected/n01871265/n01871265_378.jpg,n01871265
./data/ILSVRC12/selected/n01871265/n01871265_3927.jpg,n01871265
./data/ILSVRC12/selected/n01871265/n01871265_3959.jpg,n01871265
./data/ILSVRC12/selected/n01871265/n01871265_4177.jpg,n01871265
./data/ILSVRC12/selected/n01871265/n01871265_4180.jpg,n01871265
./data/ILSVRC12/selected/n01871265/n01871265_4182.jpg,n01871265
./data/ILSVRC12/selected/n01871265/n01871265_425.jpg,n01871265
./data/ILSVRC12/selected/n01871265/n01871265_429.jpg,n01871265
./data/ILSVRC12/selected/n01871265/n01871265_436.jpg,n01871265
./data/ILSVRC12/selected/n01871265/n01871265_4411.jpg,n01871265
./data/ILSVRC12/selected/n01871265/n01871265_449.jpg,n01871265
./data/ILSVRC12/selected/n01871265/n01871265_4567.jpg,n01871265
./data/ILSVRC12/selected/n01871265/n01871265_4588.jpg,n01871265
./data/ILSVRC12/selected/n01871265/n01871265_4610.jpg,n01871265
./data/ILSVRC12/selected/n01871265/n01871265_4788.jpg,n01871265
./data/ILSVRC12/selected/n01871265/n01871265_4897.jpg,n01871265
./data/ILSVRC12/selected/n01871265/n01871265_4900.jpg,n01871265
./data/ILSVRC12/selected/n01871265/n01871265_4962.jpg,n01871265
./data/ILSVRC12/selected/n01871265/n01871265_5163.jpg,n01871265
./data/ILSVRC12/selected/n01871265/n01871265_5184.jpg,n01871265
./data/ILSVRC12/selected/n01871265/n01871265_5431.png,n01871265
./data/ILSVRC12/selected/n01871265/n01871265_5671.jpg,n01871265
./data/ILSVRC12/selected/n01871265/n01871265_5764.jpg,n01871265
./data/ILSVRC12/selected/n01871265/n01871265_5864.jpg,n01871265
./data/ILSVRC12/selected/n01871265/n01871265_5944.jpg,n01871265
./data/ILSVRC12/selected/n01871265/n01871265_5962.jpg,n01871265
./data/ILSVRC12/selected/n01871265/n01871265_6108.jpg,n01871265
./data/ILSVRC12/selected/n01871265/n01871265_6113.jpg,n01871265
./data/ILSVRC12/selected/n01871265/n01871265_6148.jpg,n01871265
./data/ILSVRC12/selected/n01871265/n01871265_6352.jpg,n01871265
./data/ILSVRC12/selected/n01871265/n01871265_6546.jpg,n01871265
./data/ILSVRC12/selected/n01871265/n01871265_6639.jpg,n01871265
./data/ILSVRC12/selected/n01871265/n01871265_6994.jpg,n01871265
./data/ILSVRC12/selected/n01871265/n01871265_7270.jpg,n01871265
./data/ILSVRC12/selected/n01871265/n01871265_7644.jpg,n01871265
./data/ILSVRC12/selected/n01871265/n01871265_7811.jpg,n01871265
./data/ILSVRC12/selected/n01871265/n01871265_7881.jpg,n01871265
./data/ILSVRC12/selected/n01871265/n01871265_806.jpg,n01871265
./data/ILSVRC12/selected/n01871265/n01871265_8256.jpg,n01871265
./data/ILSVRC12/selected/n01871265/n01871265_876.jpg,n01871265
./data/ILSVRC12/selected/n01871265/n01871265_920.jpg,n01871265
./data/ILSVRC12/selected/n01871265/n01871265_935.jpg,n01871265
./data/ILSVRC12/selected/n01871265/n01871265_995.jpg,n01871265
./data/ILSVRC12/selected/n02093991/n02093991_1009.jpg,n02093991
./data/ILSVRC12/selected/n02093991/n02093991_100.jpg,n02093991
./data/ILSVRC12/selected/n02093991/n02093991_1093.jpg,n02093991
./data/ILSVRC12/selected/n02093991/n02093991_1105.jpg,n02093991
./data/ILSVRC12/selected/n02093991/n02093991_1117.jpg,n02093991
./data/ILSVRC12/selected/n02093991/n02093991_1134.jpg,n02093991
./data/ILSVRC12/selected/n02093991/n02093991_1179.jpg,n02093991
./data/ILSVRC12/selected/n02093991/n02093991_1219.png,n02093991
./data/ILSVRC12/selected/n02093991/n02093991_1252.jpg,n02093991
./data/ILSVRC12/selected/n02093991/n02093991_1265.jpg,n02093991
./data/ILSVRC12/selected/n02093991/n02093991_1277.jpg,n02093991
./data/ILSVRC12/selected/n02093991/n02093991_128.jpg,n02093991
./data/ILSVRC12/selected/n02093991/n02093991_1408.jpg,n02093991
./data/ILSVRC12/selected/n02093991/n02093991_1581.jpg,n02093991
./data/ILSVRC12/selected/n02093991/n02093991_1603.jpg,n02093991
./data/ILSVRC12/selected/n02093991/n02093991_1714.jpg,n02093991
./data/ILSVRC12/selected/n02093991/n02093991_1725.jpg,n02093991
./data/ILSVRC12/selected/n02093991/n02093991_1980.jpg,n02093991
./data/ILSVRC12/selected/n02093991/n02093991_2005.png,n02093991
./data/ILSVRC12/selected/n02093991/n02093991_2031.jpg,n02093991
./data/ILSVRC12/selected/n02093991/n02093991_203.gif,n02093991
./data/ILSVRC12/selected/n02093991/n02093991_2158.jpg,n02093991
./data/ILSVRC12/selected/n02093991/n02093991_220.jpg,n02093991
./data/ILSVRC12/selected/n02093991/n02093991_2238.jpg,n02093991
./data/ILSVRC12/selected/n02093991/n02093991_2248.jpg,n02093991
./data/ILSVRC12/selected/n02093991/n02093991_2257.jpg,n02093991
./data/ILSVRC12/selected/n02093991/n02093991_2307.jpg,n02093991
./data/ILSVRC12/selected/n02093991/n02093991_2439.png,n02093991
./data/ILSVRC12/selected/n02093991/n02093991_243.jpg,n02093991
./data/ILSVRC12/selected/n02093991/n02093991_2457.jpg,n02093991
./data/ILSVRC12/selected/n02093991/n02093991_2471.jpg,n02093991
./data/ILSVRC12/selected/n02093991/n02093991_2634.jpg,n02093991
./data/ILSVRC12/selected/n02093991/n02093991_2694.jpg,n02093991
./data/ILSVRC12/selected/n02093991/n02093991_2707.jpg,n02093991
./data/ILSVRC12/selected/n02093991/n02093991_2744.jpg,n02093991
./data/ILSVRC12/selected/n02093991/n02093991_2769.jpg,n02093991
./data/ILSVRC12/selected/n02093991/n02093991_2874.jpg,n02093991
./data/ILSVRC12/selected/n02093991/n02093991_2914.jpg,n02093991
./data/ILSVRC12/selected/n02093991/n02093991_2975.jpg,n02093991
./data/ILSVRC12/selected/n02093991/n02093991_2.png,n02093991
./data/ILSVRC12/selected/n02093991/n02093991_3020.png,n02093991
./data/ILSVRC12/selected/n02093991/n02093991_3090.jpg,n02093991
./data/ILSVRC12/selected/n02093991/n02093991_3097.jpg,n02093991
./data/ILSVRC12/selected/n02093991/n02093991_326.jpg,n02093991
./data/ILSVRC12/selected/n02093991/n02093991_3312.jpg,n02093991
./data/ILSVRC12/selected/n02093991/n02093991_3421.jpg,n02093991
./data/ILSVRC12/selected/n02093991/n02093991_3424.jpg,n02093991
./data/ILSVRC12/selected/n02093991/n02093991_3516.jpg,n02093991
./data/ILSVRC12/selected/n02093991/n02093991_3681.jpg,n02093991
./data/ILSVRC12/selected/n02093991/n02093991_3703.jpg,n02093991
./data/ILSVRC12/selected/n02093991/n02093991_3707.jpg,n02093991
./data/ILSVRC12/selected/n02093991/n02093991_382.jpg,n02093991
./data/ILSVRC12/selected/n02093991/n02093991_3977.jpg,n02093991
./data/ILSVRC12/selected/n02093991/n02093991_3979.jpg,n02093991
./data/ILSVRC12/selected/n02093991/n02093991_3999.png,n02093991
./data/ILSVRC12/selected/n02093991/n02093991_4138.jpg,n02093991
./data/ILSVRC12/selected/n02093991/n02093991_4234.jpg,n02093991
./data/ILSVRC12/selected/n02093991/n02093991_4251.jpg,n02093991
./data/ILSVRC12/selected/n02093991/n02093991_4320.jpg,n02093991
./data/ILSVRC12/selected/n02093991/n02093991_4445.jpg,n02093991
./data/ILSVRC12/selected/n02093991/n02093991_4505.png,n02093991
./data/ILSVRC12/selected/n02093991/n02093991_4529.jpg,n02093991
./data/ILSVRC12/selected/n02093991/n02093991_4585.jpg,n02093991
./data/ILSVRC12/selected/n02093991/n02093991_4613.jpg,n02093991
./data/ILSVRC12/selected/n02093991/n02093991_4678.png,n02093991
./data/ILSVRC12/selected/n02093991/n02093991_4720.jpg,n02093991
./data/ILSVRC12/selected/n02093991/n02093991_4729.jpg,n02093991
./data/ILSVRC12/selected/n02093991/n02093991_474.jpg,n02093991
./data/ILSVRC12/selected/n02093991/n02093991_4758.jpg,n02093991
./data/ILSVRC12/selected/n02093991/n02093991_4826.png,n02093991
./data/ILSVRC12/selected/n02093991/n02093991_4872.jpg,n02093991
./data/ILSVRC12/selected/n02093991/n02093991_487.jpg,n02093991
./data/ILSVRC12/selected/n02093991/n02093991_4896.jpg,n02093991
./data/ILSVRC12/selected/n02093991/n02093991_560.jpg,n02093991
./data/ILSVRC12/selected/n02093991/n02093991_7.jpg,n02093991
./data/ILSVRC12/selected/n02093991/n02093991_863.jpg,n02093991
./data/ILSVRC12/selected/n02093991/n02093991_932.jpg,n02093991
./data/ILSVRC12/selected/n02093991/n02093991_960.jpg,n02093991
./data/ILSVRC12/selected/n02093991/n02093991_978.jpg,n02093991
./data/ILSVRC12/selected/n02172182/n02172182_1012.png,n02172182
./data/ILSVRC12/selected/n02172182/n02172182_1018.jpg,n02172182
./data/ILSVRC12/selected/n02172182/n02172182_1199.jpg,n02172182
./data/ILSVRC12/selected/n02172182/n02172182_11.jpg,n02172182
./data/ILSVRC12/selected/n02172182/n02172182_1275.jpg,n02172182
./data/ILSVRC12/selected/n02172182/n02172182_1317.jpg,n02172182
./data/ILSVRC12/selected/n02172182/n02172182_174.jpg,n02172182
./data/ILSVRC12/selected/n02172182/n02172182_1753.jpg,n02172182
./data/ILSVRC12/selected/n02172182/n02172182_1837.jpg,n02172182
./data/ILSVRC12/selected/n02172182/n02172182_1932.jpg,n02172182
./data/ILSVRC12/selected/n02172182/n02172182_2010.jpg,n02172182
./data/ILSVRC12/selected/n02172182/n02172182_2020.jpg,n02172182
./data/ILSVRC12/selected/n02172182/n02172182_2047.jpg,n02172182
./data/ILSVRC12/selected/n02172182/n02172182_2157.png,n02172182
./data/ILSVRC12/selected/n02172182/n02172182_2171.jpg,n02172182
./data/ILSVRC12/selected/n02172182/n02172182_2211.jpg,n02172182
./data/ILSVRC12/selected/n02172182/n02172182_2315.jpg,n02172182
./data/ILSVRC12/selected/n02172182/n02172182_2412.jpg,n02172182
./data/ILSVRC12/selected/n02172182/n02172182_2445.jpg,n02172182
./data/ILSVRC12/selected/n02172182/n02172182_2536.jpg,n02172182
./data/ILSVRC12/selected/n02172182/n02172182_2537.jpg,n02172182
./data/ILSVRC12/selected/n02172182/n02172182_2565.jpg,n02172182
./data/ILSVRC12/selected/n02172182/n02172182_2583.jpg,n02172182
./data/ILSVRC12/selected/n02172182/n02172182_2661.jpg,n02172182
./data/ILSVRC12/selected/n02172182/n02172182_2801.jpg,n02172182
./data/ILSVRC12/selected/n02172182/n02172182_2853.png,n02172182
./data/ILSVRC12/selected/n02172182/n02172182_287.png,n02172182
./data/ILSVRC12/selected/n02172182/n02172182_290.jpg,n02172182
./data/ILSVRC12/selected/n02172182/n02172182_2916.jpg,n02172182
./data/ILSVRC12/selected/n02172182/n02172182_3202.png,n02172182
./data/ILSVRC12/selected/n02172182/n02172182_3204.jpg,n02172182
./data/ILSVRC12/selected/n02172182/n02172182_321.jpg,n02172182
./data/ILSVRC12/selected/n02172182/n02172182_3362.jpg,n02172182
./data/ILSVRC12/selected/n02172182/n02172182_3412.jpg,n02172182
./data/ILSVRC12/selected/n02172182/n02172182_3516.jpg,n02172182
./data/ILSVRC12/selected/n02172182/n02172182_3556.jpg,n02172182
./data/ILSVRC12/selected/n02172182/n02172182_3573.jpg,n02172182
./data/ILSVRC12/selected/n02172182/n02172182_3801.jpg,n02172182
./data/ILSVRC12/selected/n02172182/n02172182_4147.jpg,n02172182
./data/ILSVRC12/selected/n02172182/n02172182_416.jpg,n02172182
./data/ILSVRC12/selected/n02172182/n02172182_4274.jpg,n02172182
./data/ILSVRC12/selected/n02172182/n02172182_4379.png,n02172182
./data/ILSVRC12/selected/n02172182/n02172182_4780.jpg,n02172182
./data/ILSVRC12/selected/n02172182/n02172182_4793.jpg,n02172182
./data/ILSVRC12/selected/n02172182/n02172182_4904.jpg,n02172182
./data/ILSVRC12/selected/n02172182/n02172182_4960.jpg,n02172182
./data/ILSVRC12/selected/n02172182/n02172182_4969.jpg,n02172182
./data/ILSVRC12/selected/n02172182/n02172182_5131.jpg,n02172182
./data/ILSVRC12/selected/n02172182/n02172182_5294.jpg,n02172182
./data/ILSVRC12/selected/n02172182/n02172182_5391.jpg,n02172182
./data/ILSVRC12/selected/n02172182/n02172182_5406.jpg,n02172182
./data/ILSVRC12/selected/n02172182/n02172182_5513.jpg,n02172182
./data/ILSVRC12/selected/n02172182/n02172182_5554.jpg,n02172182
./data/ILSVRC12/selected/n02172182/n02172182_56.jpg,n02172182
./data/ILSVRC12/selected/n02172182/n02172182_5783.jpg,n02172182
./data/ILSVRC12/selected/n02172182/n02172182_597.jpg,n02172182
./data/ILSVRC12/selected/n02172182/n02172182_605.jpg,n02172182
./data/ILSVRC12/selected/n02172182/n02172182_6127.jpg,n02172182
./data/ILSVRC12/selected/n02172182/n02172182_6129.jpg,n02172182
./data/ILSVRC12/selected/n02172182/n02172182_616.jpg,n02172182
./data/ILSVRC12/selected/n02172182/n02172182_6245.jpg,n02172182
./data/ILSVRC12/selected/n02172182/n02172182_6275.jpg,n02172182
./data/ILSVRC12/selected/n02172182/n02172182_6465.png,n02172182
./data/ILSVRC12/selected/n02172182/n02172182_6487.jpg,n02172182
./data/ILSVRC12/selected/n02172182/n02172182_667.jpg,n02172182
./data/ILSVRC12/selected/n02172182/n02172182_6733.jpg,n02172182
./data/ILSVRC12/selected/n02172182/n02172182_6948.png,n02172182
./data/ILSVRC12/selected/n02172182/n02172182_7096.jpg,n02172182
./data/ILSVRC12/selected/n02172182/n02172182_7133.png,n02172182
./data/ILSVRC12/selected/n02172182/n02172182_7171.jpg,n02172182
./data/ILSVRC12/selected/n02172182/n02172182_7220.jpg,n02172182
./data/ILSVRC12/selected/n02172182/n02172182_7288.jpg,n02172182
./data/ILSVRC12/selected/n02172182/n02172182_7294.jpg,n02172182
./data/ILSVRC12/selected/n02172182/n02172182_7339.jpg,n02172182
./data/ILSVRC12/selected/n02172182/n02172182_733.jpg,n02172182
./data/ILSVRC12/selected/n02172182/n02172182_7406.png,n02172182
./data/ILSVRC12/selected/n02172182/n02172182_7447.jpg,n02172182
./data/ILSVRC12/selected/n02172182/n02172182_7512.jpg,n02172182
./data/ILSVRC12/selected/n02172182/n02172182_7576.gif,n02172182
./data/ILSVRC12/selected/n02172182/n02172182_7599.png,n02172182
./data/ILSVRC12/selected/n02172182/n02172182_7624.jpg,n02172182
./data/ILSVRC12/selected/n02172182/n02172182_7693.jpg,n02172182
./data/ILSVRC12/selected/n02172182/n02172182_947.jpg,n02172182
./data/ILSVRC12/selected/n02172182/n02172182_959.jpg,n02172182
./data/ILSVRC12/selected/n02172182/n02172182_981.jpg,n02172182
./data/ILSVRC12/selected/n02403003/n02403003_10186.jpg,n02403003
./data/ILSVRC12/selected/n02403003/n02403003_1022.jpg,n02403003
./data/ILSVRC12/selected/n02403003/n02403003_10261.png,n02403003
./data/ILSVRC12/selected/n02403003/n02403003_10304.jpg,n02403003
./data/ILSVRC12/selected/n02403003/n02403003_10367.jpg,n02403003
./data/ILSVRC12/selected/n02403003/n02403003_10542.jpg,n02403003
./data/ILSVRC12/selected/n02403003/n02403003_10706.jpg,n02403003
./data/ILSVRC12/selected/n02403003/n02403003_11036.jpg,n02403003
./data/ILSVRC12/selected/n02403003/n02403003_11097.png,n02403003
./data/ILSVRC12/selected/n02403003/n02403003_11344.jpg,n02403003
./data/ILSVRC12/selected/n02403003/n02403003_1137.jpg,n02403003
./data/ILSVRC12/selected/n02403003/n02403003_1155.jpg,n02403003
./data/ILSVRC12/selected/n02403003/n02403003_11787.jpg,n02403003
./data/ILSVRC12/selected/n02403003/n02403003_1197.jpg,n02403003
./data/ILSVRC12/selected/n02403003/n02403003_12031.jpg,n02403003
./data/ILSVRC12/selected/n02403003/n02403003_1229.jpg,n02403003
./data/ILSVRC12/selected/n02403003/n02403003_1355.png,n02403003
./data/ILSVRC12/selected/n02403003/n02403003_1468.jpg,n02403003
./data/ILSVRC12/selected/n02403003/n02403003_1484.jpg,n02403003
./data/ILSVRC12/selected/n02403003/n02403003_1577.jpg,n02403003
./data/ILSVRC12/selected/n02403003/n02403003_1681.jpg,n02403003
./data/ILSVRC12/selected/n02403003/n02403003_1819.jpg,n02403003
./data/ILSVRC12/selected/n02403003/n02403003_1912.jpg,n02403003
./data/ILSVRC12/selected/n02403003/n02403003_2347.jpg,n02403003
./data/ILSVRC12/selected/n02403003/n02403003_2364.jpg,n02403003
./data/ILSVRC12/selected/n02403003/n02403003_2594.jpg,n02403003
./data/ILSVRC12/selected/n02403003/n02403003_2662.jpg,n02403003
./data/ILSVRC12/selected/n02403003/n02403003_273.png,n02403003
./data/ILSVRC12/selected/n02403003/n02403003_3132.png,n02403003
./data/ILSVRC12/selected/n02403003/n02403003_3186.jpg,n02403003
./data/ILSVRC12/selected/n02403003/n02403003_3244.png,n02403003
./data/ILSVRC12/selected/n02403003/n02403003_3397.png,n02403003
./data/ILSVRC12/selected/n02403003/n02403003_3612.png,n02403003
./data/ILSVRC12/selected/n02403003/n02403003_3794.jpg,n02403003
./data/ILSVRC12/selected/n02403003/n02403003_3821.jpg,n02403003
./data/ILSVRC12/selected/n02403003/n02403003_4072.png,n02403003
./data/ILSVRC12/selected/n02403003/n02403003_421.jpg,n02403003
./data/ILSVRC12/selected/n02403003/n02403003_4293.jpg,n02403003
./data/ILSVRC12/selected/n02403003/n02403003_4505.gif,n02403003
./data/ILSVRC12/selected/n02403003/n02403003_4713.jpg,n02403003
./data/ILSVRC12/selected/n02403003/n02403003_4767.jpg,n02403003
./data/ILSVRC12/selected/n02403003/n02403003_494.jpg,n02403003
./data/ILSVRC12/selected/n02403003/n02403003_5079.jpg,n02403003
./data/ILSVRC12/selected/n02403003/n02403003_5161.jpg,n02403003
./data/ILSVRC12/selected/n02403003/n02403003_5206.jpg,n02403003
./data/ILSVRC12/selected/n02403003/n02403003_5248.jpg,n02403003
./data/ILSVRC12/selected/n02403003/n02403003_5402.jpg,n02403003
./data/ILSVRC12/selected/n02403003/n02403003_5735.jpg,n02403003
./data/ILSVRC12/selected/n02403003/n02403003_5803.jpg,n02403003
./data/ILSVRC12/selected/n02403003/n02403003_5934.jpg,n02403003
./data/ILSVRC12/selected/n02403003/n02403003_6132.jpg,n02403003
./data/ILSVRC12/selected/n02403003/n02403003_6134.png,n02403003
./data/ILSVRC12/selected/n02403003/n02403003_6252.png,n02403003
./data/ILSVRC12/selected/n02403003/n02403003_6254.gif,n02403003
./data/ILSVRC12/selected/n02403003/n02403003_6384.gif,n02403003
./data/ILSVRC12/selected/n02403003/n02403003_6499.jpg,n02403003
./data/ILSVRC12/selected/n02403003/n02403003_708.jpg,n02403003
./data/ILSVRC12/selected/n02403003/n02403003_7096.jpg,n02403003
./data/ILSVRC12/selected/n02403003/n02403003_7130.png,n02403003
./data/ILSVRC12/selected/n02403003/n02403003_7162.png,n02403003
./data/ILSVRC12/selected/n02403003/n02403003_7622.png,n02403003
./data/ILSVRC12/selected/n02403003/n02403003_7668.jpg,n02403003
./data/ILSVRC12/selected/n02403003/n02403003_7694.jpg,n02403003
./data/ILSVRC12/selected/n02403003/n02403003_7720.jpg,n02403003
./data/ILSVRC12/selected/n02403003/n02403003_8212.jpg,n02403003
./data/ILSVRC12/selected/n02403003/n02403003_8214.png,n02403003
./data/ILSVRC12/selected/n02403003/n02403003_8282.jpg,n02403003
./data/ILSVRC12/selected/n02403003/n02403003_8301.png,n02403003
./data/ILSVRC12/selected/n02403003/n02403003_8375.jpg,n02403003
./data/ILSVRC12/selected/n02403003/n02403003_8462.png,n02403003
./data/ILSVRC12/selected/n02403003/n02403003_8482.png,n02403003
./data/ILSVRC12/selected/n02403003/n02403003_8577.png,n02403003
./data/ILSVRC12/selected/n02403003/n02403003_8898.jpg,n02403003
./data/ILSVRC12/selected/n02403003/n02403003_90.jpg,n02403003
./data/ILSVRC12/selected/n02403003/n02403003_963.png,n02403003
./data/ILSVRC12/selected/n02403003/n02403003_9811.jpg,n02403003
./data/ILSVRC12/selected/n02403003/n02403003_9853.png,n02403003
./data/ILSVRC12/selected/n03016953/n03016953_10025.jpg,n03016953
./data/ILSVRC12/selected/n03016953/n03016953_10276.jpg,n03016953
./data/ILSVRC12/selected/n03016953/n03016953_10373.jpg,n03016953
./data/ILSVRC12/selected/n03016953/n03016953_10518.jpg,n03016953
./data/ILSVRC12/selected/n03016953/n03016953_10658.gif,n03016953
./data/ILSVRC12/selected/n03016953/n03016953_11086.jpg,n03016953
./data/ILSVRC12/selected/n03016953/n03016953_11096.jpg,n03016953
./data/ILSVRC12/selected/n03016953/n03016953_11163.jpg,n03016953
./data/ILSVRC12/selected/n03016953/n03016953_11673.jpg,n03016953
./data/ILSVRC12/selected/n03016953/n03016953_11692.jpg,n03016953
./data/ILSVRC12/selected/n03016953/n03016953_1171.jpg,n03016953
./data/ILSVRC12/selected/n03016953/n03016953_12244.jpg,n03016953
./data/ILSVRC12/selected/n03016953/n03016953_12671.jpg,n03016953
./data/ILSVRC12/selected/n03016953/n03016953_1292.jpg,n03016953
./data/ILSVRC12/selected/n03016953/n03016953_13209.jpg,n03016953
./data/ILSVRC12/selected/n03016953/n03016953_13264.gif,n03016953
./data/ILSVRC12/selected/n03016953/n03016953_13947.jpg,n03016953
./data/ILSVRC12/selected/n03016953/n03016953_13956.jpg,n03016953
./data/ILSVRC12/selected/n03016953/n03016953_14729.gif,n03016953
./data/ILSVRC12/selected/n03016953/n03016953_15243.jpg,n03016953
./data/ILSVRC12/selected/n03016953/n03016953_1577.jpg,n03016953
./data/ILSVRC12/selected/n03016953/n03016953_16074.jpg,n03016953
./data/ILSVRC12/selected/n03016953/n03016953_16853.png,n03016953
./data/ILSVRC12/selected/n03016953/n03016953_17310.jpg,n03016953
./data/ILSVRC12/selected/n03016953/n03016953_18226.jpg,n03016953
./data/ILSVRC12/selected/n03016953/n03016953_19082.png,n03016953
./data/ILSVRC12/selected/n03016953/n03016953_1917.jpg,n03016953
./data/ILSVRC12/selected/n03016953/n03016953_19411.jpg,n03016953
./data/ILSVRC12/selected/n03016953/n03016953_1972.jpg,n03016953
./data/ILSVRC12/selected/n03016953/n03016953_19935.png,n03016953
./data/ILSVRC12/selected/n03016953/n03016953_19967.jpg,n03016953
./data/ILSVRC12/selected/n03016953/n03016953_2043.jpg,n03016953
./data/ILSVRC12/selected/n03016953/n03016953_22072.jpg,n03016953
./data/ILSVRC12/selected/n03016953/n03016953_22727.png,n03016953
./data/ILSVRC12/selected/n03016953/n03016953_23321.png,n03016953
./data/ILSVRC12/selected/n03016953/n03016953_2843.jpg,n03016953
./data/ILSVRC12/selected/n03016953/n03016953_2904.jpg,n03016953
./data/ILSVRC12/selected/n03016953/n03016953_3015.jpg,n03016953
./data/ILSVRC12/selected/n03016953/n03016953_3368.jpg,n03016953
./data/ILSVRC12/selected/n03016953/n03016953_3841.jpg,n03016953
./data/ILSVRC12/selected/n03016953/n03016953_3974.jpg,n03016953
./data/ILSVRC12/selected/n03016953/n03016953_4044.jpg,n03016953
./data/ILSVRC12/selected/n03016953/n03016953_4341.jpg,n03016953
./data/ILSVRC12/selected/n03016953/n03016953_5196.jpg,n03016953
./data/ILSVRC12/selected/n03016953/n03016953_6564.jpg,n03016953
./data/ILSVRC12/selected/n03016953/n03016953_8223.jpg,n03016953
./data/ILSVRC12/selected/n03016953/n03016953_8224.jpg,n03016953
./data/ILSVRC12/selected/n03016953/n03016953_8593.jpg,n03016953
./data/ILSVRC12/selected/n03016953/n03016953_9614.jpg,n03016953
./data/ILSVRC12/selected/n03089624/n03089624_10003.png,n03089624
./data/ILSVRC12/selected/n03089624/n03089624_10109.jpg,n03089624
./data/ILSVRC12/selected/n03089624/n03089624_10216.jpg,n03089624
./data/ILSVRC12/selected/n03089624/n03089624_10312.jpg,n03089624
./data/ILSVRC12/selected/n03089624/n03089624_1045.jpg,n03089624
./data/ILSVRC12/selected/n03089624/n03089624_11228.jpg,n03089624
./data/ILSVRC12/selected/n03089624/n03089624_11991.jpg,n03089624
./data/ILSVRC12/selected/n03089624/n03089624_12010.jpg,n03089624
./data/ILSVRC12/selected/n03089624/n03089624_12091.jpg,n03089624
./data/ILSVRC12/selected/n03089624/n03089624_12633.jpg,n03089624
./data/ILSVRC12/selected/n03089624/n03089624_12838.jpg,n03089624
./data/ILSVRC12/selected/n03089624/n03089624_12910.jpg,n03089624
./data/ILSVRC12/selected/n03089624/n03089624_13002.jpg,n03089624
./data/ILSVRC12/selected/n03089624/n03089624_13051.jpg,n03089624
./data/ILSVRC12/selected/n03089624/n03089624_13216.jpg,n03089624
./data/ILSVRC12/selected/n03089624/n03089624_13353.jpg,n03089624
./data/ILSVRC12/selected/n03089624/n03089624_13627.jpg,n03089624
./data/ILSVRC12/selected/n03089624/n03089624_13927.png,n03089624
./data/ILSVRC12/selected/n03089624/n03089624_14825.jpg,n03089624
./data/ILSVRC12/selected/n03089624/n03089624_14982.jpg,n03089624
./data/ILSVRC12/selected/n03089624/n03089624_15119.jpg,n03089624
./data/ILSVRC12/selected/n03089624/n03089624_15239.jpg,n03089624
./data/ILSVRC12/selected/n03089624/n03089624_1524.jpg,n03089624
./data/ILSVRC12/selected/n03089624/n03089624_15404.png,n03089624
./data/ILSVRC12/selected/n03089624/n03089624_15674.jpg,n03089624
./data/ILSVRC12/selected/n03089624/n03089624_15950.jpg,n03089624
./data/ILSVRC12/selected/n03089624/n03089624_16350.png,n03089624
./data/ILSVRC12/selected/n03089624/n03089624_16538.jpg,n03089624
./data/ILSVRC12/selected/n03089624/n03089624_16846.jpg,n03089624
./data/ILSVRC12/selected/n03089624/n03089624_16967.jpg,n03089624
./data/ILSVRC12/selected/n03089624/n03089624_17011.jpg,n03089624
./data/ILSVRC12/selected/n03089624/n03089624_17715.png,n03089624
./data/ILSVRC12/selected/n03089624/n03089624_17776.jpg,n03089624
./data/ILSVRC12/selected/n03089624/n03089624_17841.jpg,n03089624
./data/ILSVRC12/selected/n03089624/n03089624_18029.jpg,n03089624
./data/ILSVRC12/selected/n03089624/n03089624_18045.jpg,n03089624
./data/ILSVRC12/selected/n03089624/n03089624_18696.png,n03089624
./data/ILSVRC12/selected/n03089624/n03089624_19699.jpg,n03089624
./data/ILSVRC12/selected/n03089624/n03089624_20460.png,n03089624
./data/ILSVRC12/selected/n03089624/n03089624_20524.jpg,n03089624
./data/ILSVRC12/selected/n03089624/n03089624_21175.png,n03089624
./data/ILSVRC12/selected/n03089624/n03089624_22991.jpg,n03089624
./data/ILSVRC12/selected/n03089624/n03089624_23171.jpg,n03089624
./data/ILSVRC12/selected/n03089624/n03089624_23301.jpg,n03089624
./data/ILSVRC12/selected/n03089624/n03089624_24014.jpg,n03089624
./data/ILSVRC12/selected/n03089624/n03089624_24673.jpg,n03089624
./data/ILSVRC12/selected/n03089624/n03089624_24786.jpg,n03089624
./data/ILSVRC12/selected/n03089624/n03089624_24808.jpg,n03089624
./data/ILSVRC12/selected/n03089624/n03089624_24919.jpg,n03089624
./data/ILSVRC12/selected/n03089624/n03089624_25026.jpg,n03089624
./data/ILSVRC12/selected/n03089624/n03089624_25048.jpg,n03089624
./data/ILSVRC12/selected/n03089624/n03089624_25192.jpg,n03089624
./data/ILSVRC12/selected/n03089624/n03089624_25371.jpg,n03089624
./data/ILSVRC12/selected/n03089624/n03089624_25407.jpg,n03089624
./data/ILSVRC12/selected/n03089624/n03089624_26121.gif,n03089624
./data/ILSVRC12/selected/n03089624/n03089624_26435.png,n03089624
./data/ILSVRC12/selected/n03089624/n03089624_26544.jpg,n03089624
./data/ILSVRC12/selected/n03089624/n03089624_27479.jpg,n03089624
./data/ILSVRC12/selected/n03089624/n03089624_27553.jpg,n03089624
./data/ILSVRC12/selected/n03089624/n03089624_28208.jpg,n03089624
./data/ILSVRC12/selected/n03089624/n03089624_28284.jpg,n03089624
./data/ILSVRC12/selected/n03089624/n03089624_28895.jpg,n03089624
./data/ILSVRC12/selected/n03089624/n03089624_29899.jpg,n03089624
./data/ILSVRC12/selected/n03089624/n03089624_30384.png,n03089624
./data/ILSVRC12/selected/n03089624/n03089624_30533.jpg,n03089624
./data/ILSVRC12/selected/n03089624/n03089624_31678.jpg,n03089624
./data/ILSVRC12/selected/n03089624/n03089624_31945.jpg,n03089624
./data/ILSVRC12/selected/n03089624/n03089624_32978.jpg,n03089624
./data/ILSVRC12/selected/n03089624/n03089624_33110.jpg,n03089624
./data/ILSVRC12/selected/n03089624/n03089624_33841.png,n03089624
./data/ILSVRC12/selected/n03089624/n03089624_33875.jpg,n03089624
./data/ILSVRC12/selected/n03089624/n03089624_33891.jpg,n03089624
./data/ILSVRC12/selected/n03089624/n03089624_34230.png,n03089624
./data/ILSVRC12/selected/n03089624/n03089624_34485.jpg,n03089624
./data/ILSVRC12/selected/n03089624/n03089624_35049.jpg,n03089624
./data/ILSVRC12/selected/n03089624/n03089624_35161.jpg,n03089624
./data/ILSVRC12/selected/n03089624/n03089624_35199.jpg,n03089624
./data/ILSVRC12/selected/n03089624/n03089624_35245.jpg,n03089624
./data/ILSVRC12/selected/n03089624/n03089624_35356.png,n03089624
./data/ILSVRC12/selected/n03089624/n03089624_35383.jpg,n03089624
./data/ILSVRC12/selected/n03089624/n03089624_35430.jpg,n03089624
./data/ILSVRC12/selected/n03089624/n03089624_3544.jpg,n03089624
./data/ILSVRC12/selected/n03089624/n03089624_35734.jpg,n03089624
./data/ILSVRC12/selected/n03089624/n03089624_35746.jpg,n03089624
./data/ILSVRC12/selected/n03089624/n03089624_35848.jpg,n03089624
./data/ILSVRC12/selected/n03089624/n03089624_36389.jpg,n03089624
./data/ILSVRC12/selected/n03089624/n03089624_36720.jpg,n03089624
./data/ILSVRC12/selected/n03089624/n03089624_3730.jpg,n03089624
./data/ILSVRC12/selected/n03089624/n03089624_3737.jpg,n03089624
./data/ILSVRC12/selected/n03089624/n03089624_37406.png,n03089624
./data/ILSVRC12/selected/n03089624/n03089624_3750.jpg,n03089624
./data/ILSVRC12/selected/n03089624/n03089624_3820.jpg,n03089624
./data/ILSVRC12/selected/n03089624/n03089624_3834.jpg,n03089624
./data/ILSVRC12/selected/n03089624/n03089624_4083.jpg,n03089624
./data/ILSVRC12/selected/n03089624/n03089624_40948.jpg,n03089624
./data/ILSVRC12/selected/n03089624/n03089624_4219.jpg,n03089624
./data/ILSVRC12/selected/n03089624/n03089624_4437.jpg,n03089624
./data/ILSVRC12/selected/n03089624/n03089624_511.jpg,n03089624
./data/ILSVRC12/selected/n03089624/n03089624_52342.jpg,n03089624
./data/ILSVRC12/selected/n03089624/n03089624_53850.jpg,n03089624
./data/ILSVRC12/selected/n03089624/n03089624_541.jpg,n03089624
./data/ILSVRC12/selected/n03089624/n03089624_5766.png,n03089624
./data/ILSVRC12/selected/n03089624/n03089624_6056.png,n03089624
./data/ILSVRC12/selected/n03089624/n03089624_624.png,n03089624
./data/ILSVRC12/selected/n03089624/n03089624_63207.jpg,n03089624
./data/ILSVRC12/selected/n03089624/n03089624_632.jpg,n03089624
./data/ILSVRC12/selected/n03089624/n03089624_63641.jpg,n03089624
./data/ILSVRC12/selected/n03089624/n03089624_7430.jpg,n03089624
./data/ILSVRC12/selected/n03089624/n03089624_7459.jpg,n03089624
./data/ILSVRC12/selected/n03089624/n03089624_7762.jpg,n03089624
./data/ILSVRC12/selected/n03089624/n03089624_794.jpg,n03089624
./data/ILSVRC12/selected/n03089624/n03089624_8123.jpg,n03089624
./data/ILSVRC12/selected/n03089624/n03089624_8206.jpg,n03089624
./data/ILSVRC12/selected/n03089624/n03089624_8381.jpg,n03089624
./data/ILSVRC12/selected/n03089624/n03089624_905.jpg,n03089624
./data/ILSVRC12/selected/n03089624/n03089624_9196.jpg,n03089624
./data/ILSVRC12/selected/n03089624/n03089624_9921.jpg,n03089624
./data/ILSVRC12/selected/n03443371/n03443371_10193.jpg,n03443371
./data/ILSVRC12/selected/n03443371/n03443371_10607.jpg,n03443371
./data/ILSVRC12/selected/n03443371/n03443371_1060.jpg,n03443371
./data/ILSVRC12/selected/n03443371/n03443371_10691.png,n03443371
./data/ILSVRC12/selected/n03443371/n03443371_10903.jpg,n03443371
./data/ILSVRC12/selected/n03443371/n03443371_11388.jpg,n03443371
./data/ILSVRC12/selected/n03443371/n03443371_11577.png,n03443371
./data/ILSVRC12/selected/n03443371/n03443371_11730.png,n03443371
./data/ILSVRC12/selected/n03443371/n03443371_11874.jpg,n03443371
./data/ILSVRC12/selected/n03443371/n03443371_11879.jpg,n03443371
./data/ILSVRC12/selected/n03443371/n03443371_1297.jpg,n03443371
./data/ILSVRC12/selected/n03443371/n03443371_1316.jpg,n03443371
./data/ILSVRC12/selected/n03443371/n03443371_1323.jpg,n03443371
./data/ILSVRC12/selected/n03443371/n03443371_1330.gif,n03443371
./data/ILSVRC12/selected/n03443371/n03443371_14193.jpg,n03443371
./data/ILSVRC12/selected/n03443371/n03443371_14272.jpg,n03443371
./data/ILSVRC12/selected/n03443371/n03443371_14285.jpg,n03443371
./data/ILSVRC12/selected/n03443371/n03443371_14644.jpg,n03443371
./data/ILSVRC12/selected/n03443371/n03443371_15270.jpg,n03443371
./data/ILSVRC12/selected/n03443371/n03443371_15378.jpg,n03443371
./data/ILSVRC12/selected/n03443371/n03443371_15396.png,n03443371
./data/ILSVRC12/selected/n03443371/n03443371_15528.gif,n03443371
./data/ILSVRC12/selected/n03443371/n03443371_1633.jpg,n03443371
./data/ILSVRC12/selected/n03443371/n03443371_1845.jpg,n03443371
./data/ILSVRC12/selected/n03443371/n03443371_18461.png,n03443371
./data/ILSVRC12/selected/n03443371/n03443371_18611.jpg,n03443371
./data/ILSVRC12/selected/n03443371/n03443371_1869.jpg,n03443371
./data/ILSVRC12/selected/n03443371/n03443371_18988.png,n03443371
./data/ILSVRC12/selected/n03443371/n03443371_20836.jpg,n03443371
./data/ILSVRC12/selected/n03443371/n03443371_211.jpg,n03443371
./data/ILSVRC12/selected/n03443371/n03443371_21400.jpg,n03443371
./data/ILSVRC12/selected/n03443371/n03443371_2189.gif,n03443371
./data/ILSVRC12/selected/n03443371/n03443371_226.png,n03443371
./data/ILSVRC12/selected/n03443371/n03443371_2321.jpg,n03443371
./data/ILSVRC12/selected/n03443371/n03443371_2528.jpg,n03443371
./data/ILSVRC12/selected/n03443371/n03443371_2554.jpg,n03443371
./data/ILSVRC12/selected/n03443371/n03443371_25671.png,n03443371
./data/ILSVRC12/selected/n03443371/n03443371_25695.jpg,n03443371
./data/ILSVRC12/selected/n03443371/n03443371_2578.jpg,n03443371
./data/ILSVRC12/selected/n03443371/n03443371_25905.png,n03443371
./data/ILSVRC12/selected/n03443371/n03443371_26181.jpg,n03443371
./data/ILSVRC12/selected/n03443371/n03443371_2619.jpg,n03443371
./data/ILSVRC12/selected/n03443371/n03443371_2623.png,n03443371
./data/ILSVRC12/selected/n03443371/n03443371_2691.jpg,n03443371
./data/ILSVRC12/selected/n03443371/n03443371_2726.jpg,n03443371
./data/ILSVRC12/selected/n03443371/n03443371_2735.jpg,n03443371
./data/ILSVRC12/selected/n03443371/n03443371_2749.jpg,n03443371
./data/ILSVRC12/selected/n03443371/n03443371_2785.jpg,n03443371
./data/ILSVRC12/selected/n03443371/n03443371_2806.jpg,n03443371
./data/ILSVRC12/selected/n03443371/n03443371_28191.jpg,n03443371
./data/ILSVRC12/selected/n03443371/n03443371_2881.jpg,n03443371
./data/ILSVRC12/selected/n03443371/n03443371_2939.jpg,n03443371
./data/ILSVRC12/selected/n03443371/n03443371_2962.jpg,n03443371
./data/ILSVRC12/selected/n03443371/n03443371_3261.jpg,n03443371
./data/ILSVRC12/selected/n03443371/n03443371_3316.jpg,n03443371
./data/ILSVRC12/selected/n03443371/n03443371_3366.png,n03443371
./data/ILSVRC12/selected/n03443371/n03443371_3411.jpg,n03443371
./data/ILSVRC12/selected/n03443371/n03443371_3413.jpg,n03443371
./data/ILSVRC12/selected/n03443371/n03443371_3509.jpg,n03443371
./data/ILSVRC12/selected/n03443371/n03443371_3701.jpg,n03443371
./data/ILSVRC12/selected/n03443371/n03443371_3738.jpg,n03443371
./data/ILSVRC12/selected/n03443371/n03443371_3842.jpg,n03443371
./data/ILSVRC12/selected/n03443371/n03443371_390.jpg,n03443371
./data/ILSVRC12/selected/n03443371/n03443371_3970.jpg,n03443371
./data/ILSVRC12/selected/n03443371/n03443371_4168.jpg,n03443371
./data/ILSVRC12/selected/n03443371/n03443371_4295.jpg,n03443371
./data/ILSVRC12/selected/n03443371/n03443371_436.jpg,n03443371
./data/ILSVRC12/selected/n03443371/n03443371_4644.jpg,n03443371
./data/ILSVRC12/selected/n03443371/n03443371_4719.jpg,n03443371
./data/ILSVRC12/selected/n03443371/n03443371_5083.jpg,n03443371
./data/ILSVRC12/selected/n03443371/n03443371_5104.jpg,n03443371
./data/ILSVRC12/selected/n03443371/n03443371_5288.png,n03443371
./data/ILSVRC12/selected/n03443371/n03443371_5309.jpg,n03443371
./data/ILSVRC12/selected/n03443371/n03443371_545.jpg,n03443371
./data/ILSVRC12/selected/n03443371/n03443371_5577.jpg,n03443371
./data/ILSVRC12/selected/n03443371/n03443371_5627.jpg,n03443371
./data/ILSVRC12/selected/n03443371/n03443371_5671.png,n03443371
./data/ILSVRC12/selected/n03443371/n03443371_5676.jpg,n03443371
./data/ILSVRC12/selected/n03443371/n03443371_6003.jpg,n03443371
./data/ILSVRC12/selected/n03443371/n03443371_6060.jpg,n03443371
./data/ILSVRC12/selected/n03443371/n03443371_6094.jpg,n03443371
./data/ILSVRC12/selected/n03443371/n03443371_6146.jpg,n03443371
./data/ILSVRC12/selected/n03443371/n03443371_6784.jpg,n03443371
./data/ILSVRC12/selected/n03443371/n03443371_7032.jpg,n03443371
./data/ILSVRC12/selected/n03443371/n03443371_7109.png,n03443371
./data/ILSVRC12/selected/n03443371/n03443371_715.jpg,n03443371
./data/ILSVRC12/selected/n03443371/n03443371_7255.jpg,n03443371
./data/ILSVRC12/selected/n03443371/n03443371_7470.jpg,n03443371
./data/ILSVRC12/selected/n03443371/n03443371_780.jpg,n03443371
./data/ILSVRC12/selected/n03443371/n03443371_8037.png,n03443371
./data/ILSVRC12/selected/n03443371/n03443371_8143.png,n03443371
./data/ILSVRC12/selected/n03443371/n03443371_8544.jpg,n03443371
./data/ILSVRC12/selected/n03443371/n03443371_8816.jpg,n03443371
./data/ILSVRC12/selected/n03443371/n03443371_8881.jpg,n03443371
./data/ILSVRC12/selected/n03443371/n03443371_9674.jpg,n03443371
./data/ILSVRC12/selected/n04204238/n04204238_10030.jpg,n04204238
./data/ILSVRC12/selected/n04204238/n04204238_1016.jpg,n04204238
./data/ILSVRC12/selected/n04204238/n04204238_1093.jpg,n04204238
./data/ILSVRC12/selected/n04204238/n04204238_1220.jpg,n04204238
./data/ILSVRC12/selected/n04204238/n04204238_1306.jpg,n04204238
./data/ILSVRC12/selected/n04204238/n04204238_1427.jpg,n04204238
./data/ILSVRC12/selected/n04204238/n04204238_1457.jpg,n04204238
./data/ILSVRC12/selected/n04204238/n04204238_1558.jpg,n04204238
./data/ILSVRC12/selected/n04204238/n04204238_1591.jpg,n04204238
./data/ILSVRC12/selected/n04204238/n04204238_1719.jpg,n04204238
./data/ILSVRC12/selected/n04204238/n04204238_1836.jpg,n04204238
./data/ILSVRC12/selected/n04204238/n04204238_2067.jpg,n04204238
./data/ILSVRC12/selected/n04204238/n04204238_2197.png,n04204238
./data/ILSVRC12/selected/n04204238/n04204238_2311.jpg,n04204238
./data/ILSVRC12/selected/n04204238/n04204238_231.jpg,n04204238
./data/ILSVRC12/selected/n04204238/n04204238_2378.jpg,n04204238
./data/ILSVRC12/selected/n04204238/n04204238_2409.jpg,n04204238
./data/ILSVRC12/selected/n04204238/n04204238_2453.jpg,n04204238
./data/ILSVRC12/selected/n04204238/n04204238_2495.jpg,n04204238
./data/ILSVRC12/selected/n04204238/n04204238_2587.jpg,n04204238
./data/ILSVRC12/selected/n04204238/n04204238_2748.jpg,n04204238
./data/ILSVRC12/selected/n04204238/n04204238_2849.jpg,n04204238
./data/ILSVRC12/selected/n04204238/n04204238_2896.png,n04204238
./data/ILSVRC12/selected/n04204238/n04204238_3142.jpg,n04204238
./data/ILSVRC12/selected/n04204238/n04204238_3367.jpg,n04204238
./data/ILSVRC12/selected/n04204238/n04204238_363.png,n04204238
./data/ILSVRC12/selected/n04204238/n04204238_3852.png,n04204238
./data/ILSVRC12/selected/n04204238/n04204238_397.jpg,n04204238
./data/ILSVRC12/selected/n04204238/n04204238_3992.jpg,n04204238
./data/ILSVRC12/selected/n04204238/n04204238_4284.jpg,n04204238
./data/ILSVRC12/selected/n04204238/n04204238_440.jpg,n04204238
./data/ILSVRC12/selected/n04204238/n04204238_4478.jpg,n04204238
./data/ILSVRC12/selected/n04204238/n04204238_4619.jpg,n04204238
./data/ILSVRC12/selected/n04204238/n04204238_4694.jpg,n04204238
./data/ILSVRC12/selected/n04204238/n04204238_4723.jpg,n04204238
./data/ILSVRC12/selected/n04204238/n04204238_4781.jpg,n04204238
./data/ILSVRC12/selected/n04204238/n04204238_4935.jpg,n04204238
./data/ILSVRC12/selected/n04204238/n04204238_5100.jpg,n04204238
./data/ILSVRC12/selected/n04204238/n04204238_5225.jpg,n04204238
./data/ILSVRC12/selected/n04204238/n04204238_5484.jpg,n04204238
./data/ILSVRC12/selected/n04204238/n04204238_5488.jpg,n04204238
./data/ILSVRC12/selected/n04204238/n04204238_5526.jpg,n04204238
./data/ILSVRC12/selected/n04204238/n04204238_5634.jpg,n04204238
./data/ILSVRC12/selected/n04204238/n04204238_571.jpg,n04204238
./data/ILSVRC12/selected/n04204238/n04204238_6080.jpg,n04204238
./data/ILSVRC12/selected/n04204238/n04204238_6422.jpg,n04204238
./data/ILSVRC12/selected/n04204238/n04204238_6481.gif,n04204238
./data/ILSVRC12/selected/n04204238/n04204238_6534.jpg,n04204238
./data/ILSVRC12/selected/n04204238/n04204238_6655.jpg,n04204238
./data/ILSVRC12/selected/n04204238/n04204238_6765.jpg,n04204238
./data/ILSVRC12/selected/n04204238/n04204238_6793.png,n04204238
./data/ILSVRC12/selected/n04204238/n04204238_6863.jpg,n04204238
./data/ILSVRC12/selected/n04204238/n04204238_6940.jpg,n04204238
./data/ILSVRC12/selected/n04204238/n04204238_6963.jpg,n04204238
./data/ILSVRC12/selected/n04204238/n04204238_703.jpg,n04204238
./data/ILSVRC12/selected/n04204238/n04204238_7265.jpg,n04204238
./data/ILSVRC12/selected/n04204238/n04204238_7287.jpg,n04204238
./data/ILSVRC12/selected/n04204238/n04204238_7316.jpg,n04204238
./data/ILSVRC12/selected/n04204238/n04204238_7328.jpg,n04204238
./data/ILSVRC12/selected/n04204238/n04204238_7436.jpg,n04204238
./data/ILSVRC12/selected/n04204238/n04204238_7530.jpg,n04204238
./data/ILSVRC12/selected/n04204238/n04204238_7801.jpg,n04204238
./data/ILSVRC12/selected/n04204238/n04204238_7848.jpg,n04204238
./data/ILSVRC12/selected/n04204238/n04204238_8095.jpg,n04204238
./data/ILSVRC12/selected/n04204238/n04204238_8113.jpg,n04204238
./data/ILSVRC12/selected/n04204238/n04204238_8895.jpg,n04204238
./data/ILSVRC12/selected/n04204238/n04204238_9075.jpg,n04204238
./data/ILSVRC12/selected/n04204238/n04204238_9299.jpg,n04204238
./data/ILSVRC12/selected/n04204238/n04204238_9335.jpg,n04204238
./data/ILSVRC12/selected/n04204238/n04204238_971.jpg,n04204238
./data/ILSVRC12/selected/n04204238/n04204238_9811.jpg,n04204238
./data/ILSVRC12/selected/n04204238/n04204238_9816.jpg,n04204238
./data/ILSVRC12/selected/n04204238/n04204238_9938.jpg,n04204238
./data/ILSVRC12/selected/n04252077/n04252077_1001.jpg,n04252077
./data/ILSVRC12/selected/n04252077/n04252077_10383.jpg,n04252077
./data/ILSVRC12/selected/n04252077/n04252077_1097.jpg,n04252077
./data/ILSVRC12/selected/n04252077/n04252077_11351.jpg,n04252077
./data/ILSVRC12/selected/n04252077/n04252077_1179.jpg,n04252077
./data/ILSVRC12/selected/n04252077/n04252077_1182.png,n04252077
./data/ILSVRC12/selected/n04252077/n04252077_1268.jpg,n04252077
./data/ILSVRC12/selected/n04252077/n04252077_1294.jpg,n04252077
./data/ILSVRC12/selected/n04252077/n04252077_12.jpg,n04252077
./data/ILSVRC12/selected/n04252077/n04252077_1306.jpg,n04252077
./data/ILSVRC12/selected/n04252077/n04252077_130.jpg,n04252077
./data/ILSVRC12/selected/n04252077/n04252077_1494.jpg,n04252077
./data/ILSVRC12/selected/n04252077/n04252077_151.jpg,n04252077
./data/ILSVRC12/selected/n04252077/n04252077_1521.jpg,n04252077
./data/ILSVRC12/selected/n04252077/n04252077_1542.jpg,n04252077
./data/ILSVRC12/selected/n04252077/n04252077_1593.jpg,n04252077
./data/ILSVRC12/selected/n04252077/n04252077_171.jpg,n04252077
./data/ILSVRC12/selected/n04252077/n04252077_1752.jpg,n04252077
./data/ILSVRC12/selected/n04252077/n04252077_1778.jpg,n04252077
./data/ILSVRC12/selected/n04252077/n04252077_1898.png,n04252077
./data/ILSVRC12/selected/n04252077/n04252077_2017.jpg,n04252077
./data/ILSVRC12/selected/n04252077/n04252077_2104.png,n04252077
./data/ILSVRC12/selected/n04252077/n04252077_2137.jpg,n04252077
./data/ILSVRC12/selected/n04252077/n04252077_2244.jpg,n04252077
./data/ILSVRC12/selected/n04252077/n04252077_2271.png,n04252077
./data/ILSVRC12/selected/n04252077/n04252077_2341.jpg,n04252077
./data/ILSVRC12/selected/n04252077/n04252077_2386.jpg,n04252077
./data/ILSVRC12/selected/n04252077/n04252077_2432.jpg,n04252077
./data/ILSVRC12/selected/n04252077/n04252077_2488.jpg,n04252077
./data/ILSVRC12/selected/n04252077/n04252077_2523.jpg,n04252077
./data/ILSVRC12/selected/n04252077/n04252077_2674.jpg,n04252077
./data/ILSVRC12/selected/n04252077/n04252077_2885.jpg,n04252077
./data/ILSVRC12/selected/n04252077/n04252077_289.jpg,n04252077
./data/ILSVRC12/selected/n04252077/n04252077_2905.jpg,n04252077
./data/ILSVRC12/selected/n04252077/n04252077_2955.jpg,n04252077
./data/ILSVRC12/selected/n04252077/n04252077_3232.jpg,n04252077
./data/ILSVRC12/selected/n04252077/n04252077_342.jpg,n04252077
./data/ILSVRC12/selected/n04252077/n04252077_3504.jpg,n04252077
./data/ILSVRC12/selected/n04252077/n04252077_351.jpg,n04252077
./data/ILSVRC12/selected/n04252077/n04252077_3570.jpg,n04252077
./data/ILSVRC12/selected/n04252077/n04252077_3951.jpg,n04252077
./data/ILSVRC12/selected/n04252077/n04252077_3967.jpg,n04252077
./data/ILSVRC12/selected/n04252077/n04252077_4230.png,n04252077
./data/ILSVRC12/selected/n04252077/n04252077_4265.jpg,n04252077
./data/ILSVRC12/selected/n04252077/n04252077_45.jpg,n04252077
./data/ILSVRC12/selected/n04252077/n04252077_4681.jpg,n04252077
./data/ILSVRC12/selected/n04252077/n04252077_4697.jpg,n04252077
./data/ILSVRC12/selected/n04252077/n04252077_4749.jpg,n04252077
./data/ILSVRC12/selected/n04252077/n04252077_4858.jpg,n04252077
./data/ILSVRC12/selected/n04252077/n04252077_4871.jpg,n04252077
./data/ILSVRC12/selected/n04252077/n04252077_4992.jpg,n04252077
./data/ILSVRC12/selected/n04252077/n04252077_5016.jpg,n04252077
./data/ILSVRC12/selected/n04252077/n04252077_5067.jpg,n04252077
./data/ILSVRC12/selected/n04252077/n04252077_518.jpg,n04252077
./data/ILSVRC12/selected/n04252077/n04252077_5250.jpg,n04252077
./data/ILSVRC12/selected/n04252077/n04252077_5318.jpg,n04252077
./data/ILSVRC12/selected/n04252077/n04252077_5450.jpg,n04252077
./data/ILSVRC12/selected/n04252077/n04252077_5483.jpg,n04252077
./data/ILSVRC12/selected/n04252077/n04252077_5512.jpg,n04252077
./data/ILSVRC12/selected/n04252077/n04252077_5516.jpg,n04252077
./data/ILSVRC12/selected/n04252077/n04252077_5656.jpg,n04252077
./data/ILSVRC12/selected/n04252077/n04252077_5787.jpg,n04252077
./data/ILSVRC12/selected/n04252077/n04252077_581.jpg,n04252077
./data/ILSVRC12/selected/n04252077/n04252077_5884.jpg,n04252077
./data/ILSVRC12/selected/n04252077/n04252077_5902.jpg,n04252077
./data/ILSVRC12/selected/n04252077/n04252077_6072.jpg,n04252077
./data/ILSVRC12/selected/n04252077/n04252077_6373.jpg,n04252077
./data/ILSVRC12/selected/n04252077/n04252077_6406.jpg,n04252077
./data/ILSVRC12/selected/n04252077/n04252077_6493.jpg,n04252077
./data/ILSVRC12/selected/n04252077/n04252077_6584.jpg,n04252077
./data/ILSVRC12/selected/n04252077/n04252077_6612.jpg,n04252077
./data/ILSVRC12/selected/n04252077/n04252077_6690.jpg,n04252077
./data/ILSVRC12/selected/n04252077/n04252077_6724.jpg,n04252077
./data/ILSVRC12/selected/n04252077/n04252077_6769.jpg,n04252077
./data/ILSVRC12/selected/n04252077/n04252077_6821.jpg,n04252077
./data/ILSVRC12/selected/n04252077/n04252077_6852.jpg,n04252077
./data/ILSVRC12/selected/n04252077/n04252077_700.jpg,n04252077
./data/ILSVRC12/selected/n04252077/n04252077_7020.jpg,n04252077
./data/ILSVRC12/selected/n04252077/n04252077_7062.jpg,n04252077
./data/ILSVRC12/selected/n04252077/n04252077_711.jpg,n04252077
./data/ILSVRC12/selected/n04252077/n04252077_7265.jpg,n04252077
./data/ILSVRC12/selected/n04252077/n04252077_7307.jpg,n04252077
./data/ILSVRC12/selected/n04252077/n04252077_7312.jpg,n04252077
./data/ILSVRC12/selected/n04252077/n04252077_7452.jpg,n04252077
./data/ILSVRC12/selected/n04252077/n04252077_7895.jpg,n04252077
./data/ILSVRC12/selected/n04252077/n04252077_824.jpg,n04252077
./data/ILSVRC12/selected/n04252077/n04252077_8285.jpg,n04252077
./data/ILSVRC12/selected/n04252077/n04252077_8330.png,n04252077
./data/ILSVRC12/selected/n04252077/n04252077_8550.png,n04252077
./data/ILSVRC12/selected/n04252077/n04252077_8581.png,n04252077
./data/ILSVRC12/selected/n04252077/n04252077_8587.jpg,n04252077
./data/ILSVRC12/selected/n04252077/n04252077_8637.jpg,n04252077
./data/ILSVRC12/selected/n04252077/n04252077_865.jpg,n04252077
./data/ILSVRC12/selected/n04252077/n04252077_8664.jpg,n04252077
./data/ILSVRC12/selected/n04252077/n04252077_9332.jpg,n04252077
./data/ILSVRC12/selected/n04252077/n04252077_949.png,n04252077
./data/ILSVRC12/selected/n04252077/n04252077_9785.jpg,n04252077